,Dataset,Accuracy,Train_Accuracy,Loss,Train-Loss,Algorithm
0,dataset,0.3359840954274354,0.3253968253968254,1.0988790541887283,1.1212038695812223,Bert
1,dataset,0.3359840954274354,0.3075396825396825,1.0996718555688858,1.117167845368385,RoBERTa
